name1,surname1,1
name2,surname2,2
name3,surname3,3
name4,surname4,4
name5,surname5,5
name6,surname6,6
name7,surname7,7
name8,surname8,8
name9,surname9,9
name10,surname10,10
name11,surname11,11
name12,surname12,12
name13,surname13,13
name14,surname14,14
name15,surname15,15
name16,surname16,16
name17,surname17,17
name18,surname18,18
name19,surname19,19
name20,surname20,20
name21,surname21,21
name22,surname22,22
name23,surname23,23
name24,surname24,24
name25,surname25,25
name26,surname26,26
name27,surname27,27
name28,surname28,28
name29,surname29,29
name30,surname30,30
name31,surname31,31
name32,surname32,32
name33,surname33,33
name34,surname34,34
name35,surname35,35
name36,surname36,36
name37,surname37,37
name38,surname38,38
name39,surname39,39
name40,surname40,40
name41,surname41,41
name42,surname42,42
name43,surname43,43
name44,surname44,44
name45,surname45,45
name46,surname46,46
name47,surname47,47
name48,surname48,48
name49,surname49,49
name50,surname50,50
name51,surname51,51
name52,surname52,52
name53,surname53,53
name54,surname54,54
name55,surname55,55
name56,surname56,56
name57,surname57,57
name58,surname58,58
name59,surname59,59
name60,surname60,60
name61,surname61,61
name62,surname62,62
name63,surname63,63
name64,surname64,64
name65,surname65,65
name66,surname66,66
name67,surname67,67
name68,surname68,68
name69,surname69,69
name70,surname70,70
name71,surname71,71
name72,surname72,72
name73,surname73,73
name74,surname74,74
name75,surname75,75
name76,surname76,76
name77,surname77,77
name78,surname78,78
name79,surname79,79
name80,surname80,80
name81,surname81,81
name82,surname82,82
name83,surname83,83
name84,surname84,84
name85,surname85,85
name86,surname86,86
name87,surname87,87
name88,surname88,88
name89,surname89,89
name90,surname90,90
name91,surname91,91
name92,surname92,92
name93,surname93,93
name94,surname94,94
name95,surname95,95
name96,surname96,96
name97,surname97,97
name98,surname98,98
name99,surname99,99
name100,surname100,100
name101,surname101,101
name102,surname102,102
name103,surname103,103
name104,surname104,104
name105,surname105,105
name106,surname106,106
name107,surname107,107
name108,surname108,108
name109,surname109,109
name110,surname110,110
name111,surname111,111
name112,surname112,112
name113,surname113,113
name114,surname114,114
name115,surname115,115
name116,surname116,116
name117,surname117,117
name118,surname118,118
name119,surname119,119
name120,surname120,120
name121,surname121,121
name122,surname122,122
name123,surname123,123
name124,surname124,124
name125,surname125,125
name126,surname126,126
name127,surname127,127
name128,surname128,128
name129,surname129,129
name130,surname130,130
name131,surname131,131
name132,surname132,132
name133,surname133,133
name134,surname134,134
name135,surname135,135
name136,surname136,136
name137,surname137,137
name138,surname138,138
name139,surname139,139
name140,surname140,140
name141,surname141,141
name142,surname142,142
name143,surname143,143
name144,surname144,144
name145,surname145,145
name146,surname146,146
name147,surname147,147
name148,surname148,148
name149,surname149,149
name150,surname150,150
name151,surname151,151
name152,surname152,152
name153,surname153,153
name154,surname154,154
name155,surname155,155
name156,surname156,156
name157,surname157,157
name158,surname158,158
name159,surname159,159
name160,surname160,160
name161,surname161,161
name162,surname162,162
name163,surname163,163
name164,surname164,164
name165,surname165,165
name166,surname166,166
name167,surname167,167
name168,surname168,168
name169,surname169,169
name170,surname170,170
name171,surname171,171
name172,surname172,172
name173,surname173,173
name174,surname174,174
name175,surname175,175
name176,surname176,176
name177,surname177,177
name178,surname178,178
name179,surname179,179
name180,surname180,180
name181,surname181,181
name182,surname182,182
name183,surname183,183
name184,surname184,184
name185,surname185,185
name186,surname186,186
name187,surname187,187
name188,surname188,188
name189,surname189,189
name190,surname190,190
name191,surname191,191
name192,surname192,192
name193,surname193,193
name194,surname194,194
name195,surname195,195
name196,surname196,196
name197,surname197,197
name198,surname198,198
name199,surname199,199
name200,surname200,200
name201,surname201,201
name202,surname202,202
name203,surname203,203
name204,surname204,204
name205,surname205,205
name206,surname206,206
name207,surname207,207
name208,surname208,208
name209,surname209,209
name210,surname210,210
name211,surname211,211
name212,surname212,212
name213,surname213,213
name214,surname214,214
name215,surname215,215
name216,surname216,216
name217,surname217,217
name218,surname218,218
name219,surname219,219
name220,surname220,220
name221,surname221,221
name222,surname222,222
name223,surname223,223
name224,surname224,224
name225,surname225,225
name226,surname226,226
name227,surname227,227
name228,surname228,228
name229,surname229,229
name230,surname230,230
name231,surname231,231
name232,surname232,232
name233,surname233,233
name234,surname234,234
name235,surname235,235
name236,surname236,236
name237,surname237,237
name238,surname238,238
name239,surname239,239
name240,surname240,240
name241,surname241,241
name242,surname242,242
name243,surname243,243
name244,surname244,244
name245,surname245,245
name246,surname246,246
name247,surname247,247
name248,surname248,248
name249,surname249,249
name250,surname250,250
name251,surname251,251
name252,surname252,252
name253,surname253,253
name254,surname254,254
name255,surname255,255
name256,surname256,256
name257,surname257,257
name258,surname258,258
name259,surname259,259
name260,surname260,260
name261,surname261,261
name262,surname262,262
name263,surname263,263
name264,surname264,264
name265,surname265,265
name266,surname266,266
name267,surname267,267
name268,surname268,268
name269,surname269,269
name270,surname270,270
name271,surname271,271
name272,surname272,272
name273,surname273,273
name274,surname274,274
name275,surname275,275
name276,surname276,276
name277,surname277,277
name278,surname278,278
name279,surname279,279
name280,surname280,280
name281,surname281,281
name282,surname282,282
name283,surname283,283
name284,surname284,284
name285,surname285,285
name286,surname286,286
name287,surname287,287
name288,surname288,288
name289,surname289,289
name290,surname290,290
name291,surname291,291
name292,surname292,292
name293,surname293,293
name294,surname294,294
name295,surname295,295
name296,surname296,296
name297,surname297,297
name298,surname298,298
name299,surname299,299
name300,surname300,300
name301,surname301,301
name302,surname302,302
name303,surname303,303
name304,surname304,304
name305,surname305,305
name306,surname306,306
name307,surname307,307
name308,surname308,308
name309,surname309,309
name310,surname310,310
name311,surname311,311
name312,surname312,312
name313,surname313,313
name314,surname314,314
name315,surname315,315
name316,surname316,316
name317,surname317,317
name318,surname318,318
name319,surname319,319
name320,surname320,320
name321,surname321,321
name322,surname322,322
name323,surname323,323
name324,surname324,324
name325,surname325,325
name326,surname326,326
name327,surname327,327
name328,surname328,328
name329,surname329,329
name330,surname330,330
name331,surname331,331
name332,surname332,332
name333,surname333,333
name334,surname334,334
name335,surname335,335
name336,surname336,336
name337,surname337,337
name338,surname338,338
name339,surname339,339
name340,surname340,340
name341,surname341,341
name342,surname342,342
name343,surname343,343
name344,surname344,344
name345,surname345,345
name346,surname346,346
name347,surname347,347
name348,surname348,348
name349,surname349,349
name350,surname350,350
name351,surname351,351
name352,surname352,352
name353,surname353,353
name354,surname354,354
name355,surname355,355
name356,surname356,356
name357,surname357,357
name358,surname358,358
name359,surname359,359
name360,surname360,360
name361,surname361,361
name362,surname362,362
name363,surname363,363
name364,surname364,364
name365,surname365,365
name366,surname366,366
name367,surname367,367
name368,surname368,368
name369,surname369,369
name370,surname370,370
name371,surname371,371
name372,surname372,372
name373,surname373,373
name374,surname374,374
name375,surname375,375
name376,surname376,376
name377,surname377,377
name378,surname378,378
name379,surname379,379
name380,surname380,380
name381,surname381,381
name382,surname382,382
name383,surname383,383
name384,surname384,384
name385,surname385,385
name386,surname386,386
name387,surname387,387
name388,surname388,388
name389,surname389,389
name390,surname390,390
name391,surname391,391
name392,surname392,392
name393,surname393,393
name394,surname394,394
name395,surname395,395
name396,surname396,396
name397,surname397,397
name398,surname398,398
name399,surname399,399
name400,surname400,400
name401,surname401,401
name402,surname402,402
name403,surname403,403
name404,surname404,404
name405,surname405,405
name406,surname406,406
name407,surname407,407
name408,surname408,408
name409,surname409,409
name410,surname410,410
name411,surname411,411
name412,surname412,412
name413,surname413,413
name414,surname414,414
name415,surname415,415
name416,surname416,416
name417,surname417,417
name418,surname418,418
name419,surname419,419
name420,surname420,420
name421,surname421,421
name422,surname422,422
name423,surname423,423
name424,surname424,424
name425,surname425,425
name426,surname426,426
name427,surname427,427
name428,surname428,428
name429,surname429,429
name430,surname430,430
name431,surname431,431
name432,surname432,432
name433,surname433,433
name434,surname434,434
name435,surname435,435
name436,surname436,436
name437,surname437,437
name438,surname438,438
name439,surname439,439
name440,surname440,440
name441,surname441,441
name442,surname442,442
name443,surname443,443
name444,surname444,444
name445,surname445,445
name446,surname446,446
name447,surname447,447
name448,surname448,448
name449,surname449,449
name450,surname450,450
name451,surname451,451
name452,surname452,452
name453,surname453,453
name454,surname454,454
name455,surname455,455
name456,surname456,456
name457,surname457,457
name458,surname458,458
name459,surname459,459
name460,surname460,460
name461,surname461,461
name462,surname462,462
name463,surname463,463
name464,surname464,464
name465,surname465,465
name466,surname466,466
name467,surname467,467
name468,surname468,468
name469,surname469,469
name470,surname470,470
name471,surname471,471
name472,surname472,472
name473,surname473,473
name474,surname474,474
name475,surname475,475
name476,surname476,476
name477,surname477,477
name478,surname478,478
name479,surname479,479
name480,surname480,480
name481,surname481,481
name482,surname482,482
name483,surname483,483
name484,surname484,484
name485,surname485,485
name486,surname486,486
name487,surname487,487
name488,surname488,488
name489,surname489,489
name490,surname490,490
name491,surname491,491
name492,surname492,492
name493,surname493,493
name494,surname494,494
name495,surname495,495
name496,surname496,496
name497,surname497,497
name498,surname498,498
name499,surname499,499
name500,surname500,500
name501,surname501,501
name502,surname502,502
name503,surname503,503
name504,surname504,504
name505,surname505,505
name506,surname506,506
name507,surname507,507
name508,surname508,508
name509,surname509,509
name510,surname510,510
name511,surname511,511
name512,surname512,512
name513,surname513,513
name514,surname514,514
name515,surname515,515
name516,surname516,516
name517,surname517,517
name518,surname518,518
name519,surname519,519
name520,surname520,520
name521,surname521,521
name522,surname522,522
name523,surname523,523
name524,surname524,524
name525,surname525,525
name526,surname526,526
name527,surname527,527
name528,surname528,528
name529,surname529,529
name530,surname530,530
name531,surname531,531
name532,surname532,532
name533,surname533,533
name534,surname534,534
name535,surname535,535
name536,surname536,536
name537,surname537,537
name538,surname538,538
name539,surname539,539
name540,surname540,540
name541,surname541,541
name542,surname542,542
name543,surname543,543
name544,surname544,544
name545,surname545,545
name546,surname546,546
name547,surname547,547
name548,surname548,548
name549,surname549,549
name550,surname550,550
name551,surname551,551
name552,surname552,552
name553,surname553,553
name554,surname554,554
name555,surname555,555
name556,surname556,556
name557,surname557,557
name558,surname558,558
name559,surname559,559
name560,surname560,560
name561,surname561,561
name562,surname562,562
name563,surname563,563
name564,surname564,564
name565,surname565,565
name566,surname566,566
name567,surname567,567
name568,surname568,568
name569,surname569,569
name570,surname570,570
name571,surname571,571
name572,surname572,572
name573,surname573,573
name574,surname574,574
name575,surname575,575
name576,surname576,576
name577,surname577,577
name578,surname578,578
name579,surname579,579
name580,surname580,580
name581,surname581,581
name582,surname582,582
name583,surname583,583
name584,surname584,584
name585,surname585,585
name586,surname586,586
name587,surname587,587
name588,surname588,588
name589,surname589,589
name590,surname590,590
name591,surname591,591
name592,surname592,592
name593,surname593,593
name594,surname594,594
name595,surname595,595
name596,surname596,596
name597,surname597,597
name598,surname598,598
name599,surname599,599
name600,surname600,600
name601,surname601,601
name602,surname602,602
name603,surname603,603
name604,surname604,604
name605,surname605,605
name606,surname606,606
name607,surname607,607
name608,surname608,608
name609,surname609,609
name610,surname610,610
name611,surname611,611
name612,surname612,612
name613,surname613,613
name614,surname614,614
name615,surname615,615
name616,surname616,616
name617,surname617,617
name618,surname618,618
name619,surname619,619
name620,surname620,620
name621,surname621,621
name622,surname622,622
name623,surname623,623
name624,surname624,624
name625,surname625,625
name626,surname626,626
name627,surname627,627
name628,surname628,628
name629,surname629,629
name630,surname630,630
name631,surname631,631
name632,surname632,632
name633,surname633,633
name634,surname634,634
name635,surname635,635
name636,surname636,636
name637,surname637,637
name638,surname638,638
name639,surname639,639
name640,surname640,640
name641,surname641,641
name642,surname642,642
name643,surname643,643
name644,surname644,644
name645,surname645,645
name646,surname646,646
name647,surname647,647
name648,surname648,648
name649,surname649,649
name650,surname650,650
name651,surname651,651
name652,surname652,652
name653,surname653,653
name654,surname654,654
name655,surname655,655
name656,surname656,656
name657,surname657,657
name658,surname658,658
name659,surname659,659
name660,surname660,660
name661,surname661,661
name662,surname662,662
name663,surname663,663
name664,surname664,664
name665,surname665,665
name666,surname666,666
name667,surname667,667
name668,surname668,668
name669,surname669,669
name670,surname670,670
name671,surname671,671
name672,surname672,672
name673,surname673,673
name674,surname674,674
name675,surname675,675
name676,surname676,676
name677,surname677,677
name678,surname678,678
name679,surname679,679
name680,surname680,680
name681,surname681,681
name682,surname682,682
name683,surname683,683
name684,surname684,684
name685,surname685,685
name686,surname686,686
name687,surname687,687
name688,surname688,688
name689,surname689,689
name690,surname690,690
name691,surname691,691
name692,surname692,692
name693,surname693,693
name694,surname694,694
name695,surname695,695
name696,surname696,696
name697,surname697,697
name698,surname698,698
name699,surname699,699
name700,surname700,700
name701,surname701,701
name702,surname702,702
name703,surname703,703
name704,surname704,704
name705,surname705,705
name706,surname706,706
name707,surname707,707
name708,surname708,708
name709,surname709,709
name710,surname710,710
name711,surname711,711
name712,surname712,712
name713,surname713,713
name714,surname714,714
name715,surname715,715
name716,surname716,716
name717,surname717,717
name718,surname718,718
name719,surname719,719
name720,surname720,720
name721,surname721,721
name722,surname722,722
name723,surname723,723
name724,surname724,724
name725,surname725,725
name726,surname726,726
name727,surname727,727
name728,surname728,728
name729,surname729,729
name730,surname730,730
name731,surname731,731
name732,surname732,732
name733,surname733,733
name734,surname734,734
name735,surname735,735
name736,surname736,736
name737,surname737,737
name738,surname738,738
name739,surname739,739
name740,surname740,740
name741,surname741,741
name742,surname742,742
name743,surname743,743
name744,surname744,744
name745,surname745,745
name746,surname746,746
name747,surname747,747
name748,surname748,748
name749,surname749,749
name750,surname750,750
name751,surname751,751
name752,surname752,752
name753,surname753,753
name754,surname754,754
name755,surname755,755
name756,surname756,756
name757,surname757,757
name758,surname758,758
name759,surname759,759
name760,surname760,760
name761,surname761,761
name762,surname762,762
name763,surname763,763
name764,surname764,764
name765,surname765,765
name766,surname766,766
name767,surname767,767
name768,surname768,768
name769,surname769,769
name770,surname770,770
name771,surname771,771
name772,surname772,772
name773,surname773,773
name774,surname774,774
name775,surname775,775
name776,surname776,776
name777,surname777,777
name778,surname778,778
name779,surname779,779
name780,surname780,780
name781,surname781,781
name782,surname782,782
name783,surname783,783
name784,surname784,784
name785,surname785,785
name786,surname786,786
name787,surname787,787
name788,surname788,788
name789,surname789,789
name790,surname790,790
name791,surname791,791
name792,surname792,792
name793,surname793,793
name794,surname794,794
name795,surname795,795
name796,surname796,796
name797,surname797,797
name798,surname798,798
name799,surname799,799
name800,surname800,800
name801,surname801,801
name802,surname802,802
name803,surname803,803
name804,surname804,804
name805,surname805,805
name806,surname806,806
name807,surname807,807
name808,surname808,808
name809,surname809,809
name810,surname810,810
name811,surname811,811
name812,surname812,812
name813,surname813,813
name814,surname814,814
name815,surname815,815
name816,surname816,816
name817,surname817,817
name818,surname818,818
name819,surname819,819
name820,surname820,820
name821,surname821,821
name822,surname822,822
name823,surname823,823
name824,surname824,824
name825,surname825,825
name826,surname826,826
name827,surname827,827
name828,surname828,828
name829,surname829,829
name830,surname830,830
name831,surname831,831
name832,surname832,832
name833,surname833,833
name834,surname834,834
name835,surname835,835
name836,surname836,836
name837,surname837,837
name838,surname838,838
name839,surname839,839
name840,surname840,840
name841,surname841,841
name842,surname842,842
name843,surname843,843
name844,surname844,844
name845,surname845,845
name846,surname846,846
name847,surname847,847
name848,surname848,848
name849,surname849,849
name850,surname850,850
name851,surname851,851
name852,surname852,852
name853,surname853,853
name854,surname854,854
name855,surname855,855
name856,surname856,856
name857,surname857,857
name858,surname858,858
name859,surname859,859
name860,surname860,860
name861,surname861,861
name862,surname862,862
name863,surname863,863
name864,surname864,864
name865,surname865,865
name866,surname866,866
name867,surname867,867
name868,surname868,868
name869,surname869,869
name870,surname870,870
name871,surname871,871
name872,surname872,872
name873,surname873,873
name874,surname874,874
name875,surname875,875
name876,surname876,876
name877,surname877,877
name878,surname878,878
name879,surname879,879
name880,surname880,880
name881,surname881,881
name882,surname882,882
name883,surname883,883
name884,surname884,884
name885,surname885,885
name886,surname886,886
name887,surname887,887
name888,surname888,888
name889,surname889,889
name890,surname890,890
name891,surname891,891
name892,surname892,892
name893,surname893,893
name894,surname894,894
name895,surname895,895
name896,surname896,896
name897,surname897,897
name898,surname898,898
name899,surname899,899
name900,surname900,900
name901,surname901,901
name902,surname902,902
name903,surname903,903
name904,surname904,904
name905,surname905,905
name906,surname906,906
name907,surname907,907
name908,surname908,908
name909,surname909,909
name910,surname910,910
name911,surname911,911
name912,surname912,912
name913,surname913,913
name914,surname914,914
name915,surname915,915
name916,surname916,916
name917,surname917,917
name918,surname918,918
name919,surname919,919
name920,surname920,920
name921,surname921,921
name922,surname922,922
name923,surname923,923
name924,surname924,924
name925,surname925,925
name926,surname926,926
name927,surname927,927
name928,surname928,928
name929,surname929,929
name930,surname930,930
name931,surname931,931
name932,surname932,932
name933,surname933,933
name934,surname934,934
name935,surname935,935
name936,surname936,936
name937,surname937,937
name938,surname938,938
name939,surname939,939
name940,surname940,940
name941,surname941,941
name942,surname942,942
name943,surname943,943
name944,surname944,944
name945,surname945,945
name946,surname946,946
name947,surname947,947
name948,surname948,948
name949,surname949,949
name950,surname950,950
name951,surname951,951
name952,surname952,952
name953,surname953,953
name954,surname954,954
name955,surname955,955
name956,surname956,956
name957,surname957,957
name958,surname958,958
name959,surname959,959
name960,surname960,960
name961,surname961,961
name962,surname962,962
name963,surname963,963
name964,surname964,964
name965,surname965,965
name966,surname966,966
name967,surname967,967
name968,surname968,968
name969,surname969,969
name970,surname970,970
name971,surname971,971
name972,surname972,972
name973,surname973,973
name974,surname974,974
name975,surname975,975
name976,surname976,976
name977,surname977,977
name978,surname978,978
name979,surname979,979
name980,surname980,980
name981,surname981,981
name982,surname982,982
name983,surname983,983
name984,surname984,984
name985,surname985,985
name986,surname986,986
name987,surname987,987
name988,surname988,988
name989,surname989,989
name990,surname990,990
name991,surname991,991
name992,surname992,992
name993,surname993,993
name994,surname994,994
name995,surname995,995
name996,surname996,996
name997,surname997,997
name998,surname998,998
name999,surname999,999
name1000,surname1000,1000
